"","V17","V18","V19","V20","V21","V22","V23","V24","V25","V26","V27","V28","V29","V30","V31","V32","V33","V34","V35","V36","V37","V38","V39","V40","V41","V42","V43","V44","V45","V46","V47","V48","V49","V50","V51","V52","V53","V54","V55","V56","V57","V58","V59","V60","V61","V62","V63","V64","V65","V66","V67","V68","V69","V70","V71","V72","V73","V74","V75","V76","V77","V78","V79","V80","V81","V82","V83","V84","V85","V86","V87","V88","V89","V90","V91","V92","V93","V94","V95","V96","V97","V98","V99","V100","V101","V102","V103","V104","V105","V106","V107","V108","V109","V110","V111","V112","V113","V114","V115","V116","V117","V118","V119","V120","V121","V122","V123","V124","V127","V128","V129","V130","V131","V132","V133","V134","V135","V136","V137","V138","V139","V140","V141","V142","V143"
"1940",NA,NA,10.1503859958736,NA,10.527937971465,NA,NA,9.95560990115003,NA,NA,NA,NA,NA,NA,NA,NA,NA,NA,NA,NA,NA,NA,NA,9.72993728097206,9.48172725143337,10.5223036245501,NA,NA,NA,NA,NA,NA,NA,NA,NA,NA,NA,NA,NA,NA,NA,NA,NA,NA,11.2184001774579,NA,NA,NA,NA,NA,NA,NA,NA,NA,NA,NA,NA,NA,NA,NA,NA,NA,NA,NA,NA,NA,NA,NA,NA,NA,NA,NA,NA,NA,NA,NA,NA,NA,NA,NA,NA,NA,NA,NA,NA,NA,NA,NA,NA,NA,NA,NA,NA,NA,NA,NA,NA,NA,NA,NA,NA,NA,NA,NA,NA,NA,NA,NA,NA,NA,NA,NA,NA,NA,NA,NA,NA,NA,NA,NA,NA,NA,NA,NA,NA
"1941",NA,NA,9.5624988597948,NA,10.3846441187626,10.3577832428092,NA,9.34575395441986,NA,NA,NA,NA,NA,NA,NA,NA,NA,NA,NA,NA,NA,NA,NA,10.0475143162238,10.1014511991371,9.24802685105348,NA,NA,NA,NA,NA,NA,NA,NA,NA,10.3467667061809,NA,NA,NA,NA,NA,NA,10.5958680004,NA,9.3380137598609,9.92569565462088,9.79475845300895,9.76110746750009,9.93001894216705,NA,NA,NA,NA,NA,NA,NA,NA,NA,NA,NA,NA,NA,NA,NA,NA,NA,NA,NA,NA,NA,NA,NA,NA,NA,NA,NA,NA,NA,NA,NA,NA,NA,NA,NA,NA,NA,NA,NA,NA,NA,NA,NA,NA,NA,NA,NA,NA,NA,NA,NA,NA,NA,NA,NA,NA,NA,NA,NA,NA,NA,NA,NA,NA,NA,NA,NA,NA,NA,NA,NA,NA,NA,NA,NA,NA
"1942",9.61414405287024,NA,9.94521629960155,NA,11.0050075556523,9.93194697149106,NA,9.48893170924527,NA,NA,NA,NA,NA,NA,NA,NA,NA,NA,NA,NA,NA,NA,NA,9.96490404898247,9.70452154674296,9.94379808327832,NA,NA,NA,NA,NA,NA,NA,NA,NA,9.75533663126696,NA,10.0453610330258,NA,NA,NA,NA,10.7019771566619,NA,10.1338822489529,9.9949182814359,9.42033383731876,9.90728131320895,9.54135517783374,NA,NA,NA,NA,NA,NA,NA,NA,NA,NA,NA,NA,NA,NA,NA,NA,NA,NA,NA,NA,NA,NA,NA,NA,NA,NA,NA,NA,NA,NA,NA,NA,NA,NA,NA,NA,NA,NA,NA,NA,NA,NA,NA,NA,NA,NA,NA,NA,NA,NA,NA,NA,NA,NA,NA,NA,NA,NA,NA,NA,NA,NA,NA,NA,NA,NA,NA,NA,NA,NA,NA,NA,NA,NA,NA,NA
"1943",9.96377522460779,NA,9.8595891801859,NA,9.94088929257395,10.4192409326028,NA,9.44847691609081,NA,8.6579450011337,NA,NA,9.47449050181746,NA,9.80819514958471,NA,NA,NA,NA,NA,NA,NA,NA,9.13810001609043,9.91733385483544,10.0158659429344,10.3213272275475,NA,NA,NA,NA,NA,NA,NA,NA,9.47858561412846,NA,9.69405684470114,NA,10.0040810832404,NA,NA,9.87215841153268,NA,10.578330633412,9.63740734936013,9.2236389353815,9.07800615302104,9.5766322945861,9.58975493000715,NA,NA,NA,NA,NA,NA,NA,NA,NA,NA,NA,NA,NA,NA,NA,NA,NA,NA,NA,NA,NA,NA,NA,NA,NA,NA,NA,NA,NA,NA,NA,NA,NA,NA,NA,NA,NA,NA,NA,NA,NA,NA,NA,NA,NA,NA,NA,NA,NA,NA,NA,NA,NA,NA,NA,NA,NA,NA,NA,NA,NA,NA,NA,NA,NA,NA,NA,NA,NA,NA,NA,NA,NA,NA,NA
"1944",9.21915236186484,NA,10.3524844975847,NA,10.2000852602241,10.1470910194534,NA,9.27784265257556,NA,9.19887039189116,NA,NA,9.60305422837172,NA,10.3739469607607,NA,NA,NA,9.42153373859501,NA,NA,NA,NA,9.26862924762023,9.45048164104039,10.3474475538123,10.7111604652516,NA,NA,9.63114731588921,NA,NA,NA,NA,NA,9.52993226387468,NA,9.02651781233686,NA,10.3856737873278,8.62554215328708,NA,9.9651769872923,NA,10.5078789126807,10.4461262228296,10.3133178963122,9.49176194829666,10.4813779349762,9.40325398679431,NA,NA,NA,NA,NA,NA,NA,NA,NA,NA,NA,NA,NA,NA,NA,NA,NA,NA,NA,NA,NA,NA,NA,NA,NA,NA,NA,NA,NA,NA,NA,NA,NA,NA,NA,NA,NA,NA,NA,NA,NA,NA,NA,NA,NA,NA,NA,NA,NA,NA,NA,NA,NA,NA,NA,NA,NA,NA,NA,NA,NA,NA,NA,NA,NA,NA,NA,NA,NA,NA,NA,NA,NA,NA,NA
"1945",10.6995959957749,NA,9.39887357766471,NA,10.4034700153134,10.3455633608639,NA,10.0985468553746,NA,9.23414281546916,NA,NA,9.30222001495684,8.86058084885967,9.2283964796557,NA,NA,NA,10.2459284770832,NA,NA,NA,NA,9.65314258432268,9.93799330746641,9.77052852008958,9.42080415474471,NA,9.49233294473208,9.48612930205666,NA,NA,NA,NA,NA,9.79144270955712,NA,9.93154695572687,NA,9.61159374715351,9.24168899209592,NA,9.52909082524964,NA,10.5573988376199,9.07020448696935,9.97105230057359,9.91817372463624,9.01063639177939,9.54407493370317,NA,NA,NA,NA,NA,NA,NA,NA,NA,NA,NA,NA,NA,NA,NA,NA,NA,NA,NA,NA,NA,NA,NA,NA,NA,NA,NA,NA,NA,NA,NA,NA,NA,NA,NA,NA,NA,NA,NA,NA,NA,NA,NA,NA,NA,NA,NA,NA,NA,NA,NA,NA,NA,NA,NA,NA,NA,NA,NA,NA,NA,NA,NA,NA,NA,NA,NA,NA,NA,NA,NA,NA,NA,NA,NA
"1946",10.0591856244905,NA,9.03435704333773,NA,9.63161359710344,9.09456296339556,NA,9.40169981408203,NA,8.77893547285899,NA,NA,9.52995355214855,9.53712489892783,9.58680881767235,NA,NA,NA,9.427396459762,NA,NA,NA,NA,10.7860265798081,10.1238722843575,9.85522812441571,9.15583805167045,NA,9.16109706497281,10.5399861362837,NA,NA,NA,10.5264256037393,NA,9.47756391146843,NA,8.87113015490619,9.54975036066145,10.0318707657176,9.78357728446693,NA,9.1355508777582,NA,9.71763981498009,9.33400633304411,9.75594917489895,10.4240509876215,10.0746417789708,10.3800628967003,NA,NA,NA,NA,NA,NA,NA,NA,NA,NA,NA,NA,NA,NA,NA,NA,NA,NA,NA,NA,NA,NA,NA,NA,NA,NA,NA,NA,NA,NA,NA,NA,NA,NA,NA,NA,NA,NA,NA,NA,NA,NA,NA,NA,NA,NA,NA,NA,NA,NA,NA,NA,NA,NA,NA,NA,NA,NA,NA,NA,NA,NA,NA,NA,NA,NA,NA,NA,NA,NA,NA,NA,NA,NA,NA
"1947",10.034764605997,9.93836303315821,10.0826761668226,NA,10.541544982614,9.08394584057026,NA,9.39984807676735,NA,9.70878648677156,9.4184529085067,NA,10.3286126927525,9.27831882785569,9.28582591515699,NA,NA,NA,9.7775374963903,10.2306129007027,NA,NA,NA,10.3160567300236,9.18853302698856,9.17974583443385,9.9456358596099,NA,9.39392133920023,10.4346737224674,NA,NA,NA,10.7785359335156,NA,10.1606924662466,NA,9.40997111031809,9.76807679484341,9.68734010375683,9.7300660862737,NA,9.6384242213131,NA,10.4895411622227,9.30269129029383,8.93524253769736,8.86022747379842,10.2270130574395,10.435723701918,NA,NA,NA,NA,NA,NA,NA,NA,NA,NA,NA,NA,NA,NA,NA,NA,NA,NA,NA,NA,NA,NA,NA,NA,NA,NA,NA,NA,NA,NA,NA,NA,NA,NA,NA,NA,NA,NA,NA,NA,NA,NA,NA,NA,NA,NA,NA,NA,NA,NA,NA,NA,NA,NA,NA,NA,NA,NA,NA,NA,NA,NA,NA,NA,NA,NA,NA,NA,NA,NA,NA,NA,NA,NA,NA
"1948",10.1721975418148,9.76631812703562,10.5134812999993,NA,9.90232633953822,9.77305830053937,NA,9.30614473681996,NA,10.1233474123642,9.53932278027243,NA,10.0601491443079,9.65706857906104,10.0771818490058,10.2898879353326,NA,NA,8.4870087681796,11.0204319100629,NA,NA,NA,10.1026306568585,8.84435570967117,9.53040386426322,10.0109703749718,NA,9.92349227901221,9.55860981953543,NA,NA,NA,9.5052046229686,NA,8.68524602562608,NA,9.89487396292496,9.76664853313759,8.87391188942939,9.94709234804549,NA,9.75620183714918,NA,9.9021294799148,9.27182375775411,9.79362453211196,8.79711216968229,9.17440433242365,10.2275027169824,NA,NA,NA,NA,NA,NA,NA,NA,NA,NA,NA,NA,NA,NA,NA,NA,NA,NA,NA,NA,NA,NA,NA,NA,NA,NA,NA,NA,NA,NA,NA,NA,NA,NA,NA,NA,NA,NA,NA,NA,NA,NA,NA,NA,NA,NA,NA,NA,NA,NA,NA,NA,NA,NA,NA,NA,NA,NA,NA,NA,NA,NA,NA,NA,NA,NA,NA,NA,NA,NA,NA,NA,NA,NA,NA
"1949",9.90650647712679,9.39002784987882,10.0409403067766,NA,9.01765115720782,8.75220082611261,9.46195698438903,9.44682845399062,NA,10.1420082279504,9.46983026004615,NA,10.6256806954876,10.0743813458689,9.85328584109372,10.4756872093402,NA,NA,9.29446097055746,10.0088455803245,NA,NA,NA,9.76343821236231,9.12642527878093,10.9646716694991,9.94268824558025,NA,9.50736141823376,10.1408127642281,NA,NA,NA,9.97481427974376,NA,10.3748471032617,NA,9.82522906168797,10.2077145789419,8.91665841079105,9.14414956747358,NA,9.27375127569913,NA,10.0956243145248,9.4671250138992,9.6331908487765,9.45517040192729,8.86480094704606,9.29369462925052,NA,NA,NA,NA,NA,NA,NA,NA,NA,NA,NA,NA,NA,NA,NA,NA,NA,NA,NA,NA,NA,NA,NA,NA,NA,NA,NA,NA,NA,NA,NA,NA,NA,NA,NA,NA,NA,NA,NA,NA,NA,NA,NA,NA,NA,NA,NA,NA,NA,NA,NA,NA,NA,NA,NA,NA,NA,NA,NA,NA,NA,NA,NA,NA,NA,NA,NA,NA,NA,NA,NA,NA,NA,NA,NA
"1950",9.92496826364573,9.45000411608726,9.8532708980069,NA,9.98793093590145,10.4691809000026,11.064775767712,8.49350357225174,NA,9.01203043490281,9.41981152301691,NA,10.1340883088474,9.95390383729259,8.4307284154676,10.2010552669253,NA,9.68100309081628,9.71309785377881,9.36228609625812,NA,NA,NA,9.58421571400004,9.34720958962009,10.6305299848143,9.95237360103368,NA,9.17249289546636,9.93031388479214,NA,NA,NA,9.22165749451603,NA,10.3126580223699,NA,9.2019676289646,9.2855488042932,9.8260816804829,10.0647399649588,NA,9.16442609398011,NA,10.2054121730955,9.69901004217878,9.19549817258371,8.78791751401457,9.2527092035479,9.75738144303123,NA,NA,NA,NA,NA,NA,NA,NA,NA,NA,NA,NA,NA,NA,NA,NA,NA,NA,NA,NA,NA,NA,NA,NA,NA,NA,NA,NA,NA,NA,NA,NA,NA,NA,NA,NA,NA,NA,NA,NA,NA,NA,NA,NA,NA,NA,NA,NA,NA,NA,NA,NA,NA,NA,NA,NA,NA,NA,NA,NA,NA,NA,NA,NA,NA,NA,NA,NA,NA,NA,NA,NA,NA,NA,NA
"1951",9.06023261325561,9.76108492180627,9.65340930687342,NA,9.59840837548056,10.4254057805036,10.2869139512868,9.02859063469663,9.38018663362786,9.73067316968375,10.2888176150303,NA,9.56706586861874,10.0785290646946,9.94091970968919,10.0352319757399,NA,9.31436137014347,10.0966715722547,9.2910099814215,NA,NA,NA,10.5685687769821,9.39666391500594,10.0850581758901,10.1712086439196,10.4354060977035,9.8461926021287,9.80940738228108,NA,NA,NA,10.0237901741023,NA,9.79620016627169,NA,8.64946352553393,9.27481954205118,9.06453395984599,9.72783318301984,NA,10.8283777997405,9.49764285580805,10.0974393233444,9.82708769133892,9.65581330261171,9.93879947069988,9.67512393967545,9.71484488740667,NA,NA,NA,NA,NA,NA,NA,NA,NA,NA,NA,NA,NA,NA,NA,NA,NA,NA,NA,NA,NA,NA,NA,NA,NA,NA,NA,NA,NA,NA,NA,NA,NA,NA,NA,NA,NA,NA,NA,NA,NA,NA,NA,NA,NA,NA,NA,NA,NA,NA,NA,NA,NA,NA,NA,NA,NA,NA,NA,NA,NA,NA,NA,NA,NA,NA,NA,NA,NA,NA,NA,NA,NA,NA,NA
"1952",9.57837961714327,9.83136653478075,9.66035146014349,9.24796733911799,10.3631679651358,9.83512584740531,10.123790026989,9.90453491973193,9.33665218747796,9.71164344889213,9.88090798547997,NA,10.713390021169,10.0613164310596,9.29085491938502,9.26813780358516,NA,9.19365346313943,10.0402233702602,9.66260377237516,NA,NA,NA,10.1769548873831,10.0532623669557,9.36594477527977,10.5994337548949,10.1350284538243,9.89590089434334,10.3214358450952,NA,NA,NA,9.96923016531573,NA,9.72243618079066,NA,9.80380107877352,9.68454384278187,9.11135169551366,9.73268423027302,NA,10.1838839800789,9.76931858312105,10.0329613675761,10.0877544770589,10.0815892807072,9.69404941651263,9.85923648933179,9.26694541587666,NA,NA,NA,NA,NA,NA,NA,NA,NA,NA,NA,NA,NA,NA,NA,NA,NA,NA,NA,NA,NA,NA,NA,NA,NA,NA,NA,NA,NA,NA,NA,NA,NA,NA,NA,NA,NA,NA,NA,NA,NA,NA,NA,NA,NA,NA,NA,NA,NA,NA,NA,NA,NA,NA,NA,NA,NA,NA,NA,NA,NA,NA,NA,NA,NA,NA,NA,NA,NA,NA,NA,NA,NA,NA,NA
"1953",9.37205100670975,8.91847501998578,9.88341419710265,8.95598517537344,9.69215320820476,8.98821435887769,9.12857322035538,9.76372813771054,9.34380887443598,9.61544582974147,9.56596107953599,NA,10.4158540210619,10.5428039355346,9.98606741660762,9.4500352253218,NA,9.92047581127411,10.0341342982491,9.70848809465025,NA,NA,NA,9.21738499545668,9.96541095232145,10.2976161159698,10.5960870503279,10.4584815832623,10.3196698322937,9.62501130677481,10.9816342730809,NA,10.0132486447078,10.034512060082,NA,9.57226808323566,NA,9.45990623699197,10.3536156870896,9.84906183008003,9.716331504941,NA,10.5023175707842,11.2063183152104,10.5053626470679,9.91915524781753,9.76591419079028,9.9474458200479,9.96366123828352,9.50748601697104,NA,NA,NA,NA,NA,NA,NA,NA,NA,NA,NA,NA,NA,NA,NA,NA,NA,NA,NA,NA,NA,NA,NA,NA,NA,NA,NA,NA,NA,NA,NA,NA,NA,NA,NA,NA,NA,NA,NA,NA,NA,NA,NA,NA,NA,NA,NA,NA,NA,NA,NA,NA,NA,NA,NA,NA,NA,NA,NA,NA,NA,NA,NA,NA,NA,NA,NA,NA,NA,NA,NA,NA,NA,NA,NA
"1954",8.92714048706341,9.82320967621158,10.2065518053845,9.97383972002092,9.7160240868978,10.4607134816634,9.16563621180018,9.61133079663574,10.0262403089581,9.76676185589807,9.97196156284218,NA,10.5481004915921,9.10499145650355,9.51351862147948,10.1186558626002,NA,9.09977397150472,9.91019963417707,9.1386249768534,NA,NA,NA,9.53209560971726,8.81899167810673,9.50372835515816,10.3605498104872,9.83543757991333,10.4842716795176,9.44624887457822,9.68589491905964,10.9045004700525,9.15776540767684,8.86180205010631,NA,10.1152322041433,9.47849770839305,9.94573070302692,9.91225910237159,9.61358180534798,9.4907333662588,NA,9.70266924917167,10.0563752103541,11.092450218712,10.9588926310273,10.0704672146177,9.20978726630651,9.30518183422384,9.57249598461342,NA,NA,NA,NA,NA,NA,NA,NA,NA,NA,NA,NA,NA,NA,NA,NA,NA,NA,NA,NA,NA,NA,NA,NA,NA,NA,NA,NA,NA,NA,NA,NA,NA,NA,NA,NA,NA,NA,NA,NA,NA,NA,NA,NA,NA,NA,NA,NA,NA,NA,NA,NA,NA,NA,NA,NA,NA,NA,NA,NA,NA,NA,NA,NA,NA,NA,NA,NA,NA,NA,NA,NA,NA,NA,NA
"1955",9.43769896617018,9.13021729421013,9.58239244633855,8.22861457263622,9.9496687064576,9.76292619493793,9.16871168091479,9.22555051229713,9.63496695200223,10.3126269570574,10.2978593496506,NA,10.0346663416243,9.91051816949031,9.43180286581351,10.0403817964711,NA,9.8455944549919,9.80277646446391,10.0002655416111,NA,NA,10.022582835787,9.09710849862926,10.2251066956128,9.00940286609561,9.95835731563493,9.52451907369079,10.4278214005054,9.75125062047685,9.79414394776531,9.78068502573203,9.72973262840077,9.30104533406765,NA,9.51275499975055,9.29173385653644,10.2024051152003,9.66307808889212,9.619697993993,9.69894766458875,NA,10.5363495809867,9.56484580503681,10.1656534366998,9.77844583522314,11.1300638314338,10.2293576183486,9.71807545146596,9.11043808238956,NA,NA,NA,NA,NA,NA,NA,NA,NA,NA,NA,NA,NA,NA,NA,NA,NA,NA,NA,NA,NA,NA,NA,NA,NA,NA,NA,NA,NA,NA,NA,NA,NA,NA,NA,NA,NA,NA,NA,NA,NA,NA,NA,NA,NA,NA,NA,NA,NA,NA,NA,NA,NA,NA,NA,NA,NA,NA,NA,NA,NA,NA,NA,NA,NA,NA,NA,NA,NA,NA,NA,NA,NA,NA,NA
"1956",9.13775542255094,9.9706686670425,9.15339792948539,9.56863279860932,9.30024586303476,9.76761101700722,10.0163153575816,10.1433049151695,10.5726782785796,9.63963429703404,9.35810808306587,NA,11.1968863822687,10.5025143367814,9.14985815332679,9.68790673668741,9.85030425470774,9.8560025538137,10.788824509772,8.44483386190252,NA,NA,10.226729941385,10.3374867322815,9.51259848692449,9.29629690716655,9.08476855317006,9.72431071068954,9.18400170809942,10.5762849059519,9.17743293008467,9.99321476746295,9.5985741785412,10.1427978143167,NA,9.45912333253886,8.39903766957042,9.4634714574823,9.04222717082668,8.63811356708187,8.96267393180938,NA,9.46896112029179,9.90753661331151,10.2284345862958,8.94528293077788,9.37321129241439,10.6616814396366,10.1673862810589,9.48327363024903,NA,NA,NA,NA,NA,NA,NA,NA,NA,NA,NA,NA,NA,NA,NA,NA,NA,NA,NA,NA,NA,NA,NA,NA,NA,NA,NA,NA,NA,NA,NA,NA,NA,NA,NA,NA,NA,NA,NA,NA,NA,NA,NA,NA,NA,NA,NA,NA,NA,NA,NA,NA,NA,NA,NA,NA,NA,NA,NA,NA,NA,NA,NA,NA,NA,NA,NA,NA,NA,NA,NA,NA,NA,NA,NA
"1957",9.82689925901094,10.0872394715685,9.28688114373662,9.56762762654296,9.81502632462538,10.0034470042192,9.49116234316796,9.79981946399797,9.84247498153792,10.0185374550425,9.65297907978481,NA,10.3457011748763,10.8884213613387,9.44803033575982,10.4326069162489,10.2423148153045,10.2082232693682,10.4525258306991,9.01152976344463,NA,NA,9.65818178950541,9.70251560671888,10.1082935825927,8.90883029451074,10.0929538154681,9.63949270829542,9.3985765660034,10.3916038048276,9.83067652471695,10.0013065993667,10.4743654705818,10.1907203917322,NA,9.77379924222472,9.76715422538671,10.2541735470166,9.40499843204595,10.1105310221134,9.96804621553457,10.1654117729746,10.2728316709721,9.80502159905958,10.3340440549127,8.77413498048103,9.68962207046818,9.6471687579415,10.402393870297,10.0132561400348,NA,NA,NA,NA,NA,NA,NA,NA,NA,NA,NA,NA,NA,NA,NA,NA,NA,NA,NA,NA,NA,NA,NA,NA,NA,NA,NA,NA,NA,NA,NA,NA,NA,NA,NA,NA,NA,NA,NA,NA,NA,NA,NA,NA,NA,NA,NA,NA,NA,NA,NA,NA,NA,NA,NA,NA,NA,NA,NA,NA,NA,NA,NA,NA,NA,NA,NA,NA,NA,NA,NA,NA,NA,NA,NA
"1958",9.34455719616462,10.8271650004136,9.38888941157092,10.6321196887651,10.0021427069175,9.23382081104182,8.85986339747381,10.4393523887628,10.0800137472784,10.7816887818031,10.0191838355421,NA,9.29853615753475,10.0893915209503,10.3638295897607,10.2417764651743,10.3386716850066,9.4443808383083,10.7614531138296,9.91855815949926,NA,9.88902240336186,8.52129244963347,9.30463067988378,9.64933410909564,9.53476724100132,10.2898079180859,10.6178287933553,10.0892356216376,9.95844383743297,9.46430953754349,9.94228288128205,10.052023014929,9.93313662553992,NA,8.91298525603148,10.3306686993247,9.92536290199016,9.21543486255279,10.0938535719394,9.55596818137953,10.121606489976,10.2923069475502,9.94774183885116,10.3468118665108,9.78229750218343,9.53935000932145,10.1117109106369,9.83029156503394,9.99561068026336,NA,NA,NA,NA,NA,NA,NA,NA,NA,NA,NA,NA,NA,NA,NA,NA,NA,NA,NA,NA,NA,NA,NA,NA,NA,NA,NA,NA,NA,NA,NA,NA,NA,NA,NA,NA,NA,NA,NA,NA,NA,NA,NA,NA,NA,NA,NA,NA,NA,NA,NA,NA,NA,NA,NA,NA,NA,NA,NA,NA,NA,NA,NA,NA,NA,NA,NA,NA,NA,NA,NA,NA,NA,NA,NA
"1959",9.63125856087788,10.056225176257,9.2508342152069,9.75579265652126,9.4930663376251,9.26816948874225,9.45394530222692,10.1966763599948,10.3163501653896,10.7047951132879,9.95612901743194,9.6067200740327,9.59181068916003,9.5050965275442,9.67618957996459,10.5039344564635,9.6457405152163,10.5764046758882,9.91359555479906,9.76318720550062,NA,9.8285221877785,9.91645091874878,9.18289085636408,10.0698650075286,9.37835991928121,9.63678012050081,9.66277820288573,9.9060261899456,10.2080033127411,8.87721233913715,9.72660737367859,10.3043841301903,9.85048588148149,NA,9.56507885444868,9.37928893650826,10.5389628493353,9.99439114341582,10.5920601869684,9.07246503224416,10.2654728731848,9.69711420751425,9.73248638175413,10.0164778254602,9.39284455223773,9.32564431182342,10.244317030273,9.24650194493544,10.1377002760665,NA,NA,NA,NA,NA,NA,NA,NA,NA,NA,NA,NA,NA,NA,NA,NA,NA,NA,NA,NA,NA,NA,NA,NA,NA,NA,NA,NA,NA,NA,NA,NA,NA,NA,NA,NA,NA,NA,NA,NA,NA,NA,NA,NA,NA,NA,NA,NA,NA,NA,NA,NA,NA,NA,NA,NA,NA,NA,NA,NA,NA,NA,NA,NA,NA,NA,NA,NA,NA,NA,NA,NA,NA,NA,NA
"1960",9.96104255680334,10.1193887950606,9.18571625679765,9.66621943114724,8.27556707252972,9.73558177687021,9.74479891480826,9.37400087997164,10.2981745542614,10.2602894894272,9.99341829980184,9.60314080351766,9.21863114916782,9.94294230169994,9.45871474062093,9.82652220232481,10.1923981849644,10.1999470411656,10.2936478744887,9.82955180025556,NA,10.3001035682348,9.72653430297492,9.52987371973752,10.2318665865354,9.6308840949147,9.4133639915379,9.25811981437333,9.75095938308116,9.64475594973158,9.15460906158427,9.60452394697634,9.16181636425864,10.1774761826137,9.73308123396499,10.2000795290253,10.3869076283143,10.133922298065,9.96001057459437,10.2548184938981,10.409458865846,9.57822449888073,9.76583964535673,10.2185665527478,9.67336313432891,9.66134081575461,9.51140411436921,9.58693852250234,9.45264880662925,10.2472089163165,NA,NA,NA,NA,NA,NA,NA,NA,NA,NA,NA,NA,NA,NA,NA,NA,NA,NA,NA,NA,NA,NA,NA,NA,NA,NA,NA,NA,NA,NA,NA,NA,NA,NA,NA,NA,NA,NA,NA,NA,NA,NA,NA,NA,NA,NA,NA,NA,NA,NA,NA,NA,NA,NA,NA,NA,NA,NA,NA,NA,NA,NA,NA,NA,NA,NA,NA,NA,NA,NA,NA,NA,NA,NA,NA
"1961",9.72936525852323,9.41741425390145,9.60972912654865,9.83577792191413,9.09106255222735,9.8139453021569,9.93457604745896,10.2836086319129,9.58626926366463,10.1241120322992,9.70568384507077,9.93877521023695,9.48772271390977,9.66857937938446,9.29863752258507,9.745346859808,9.75597513528448,9.76273504965241,10.058775382262,8.98079190530811,NA,10.2847558756824,9.57954188315836,9.0298458649432,9.21376002885898,9.24524182697711,9.4221972461399,9.36900651012629,9.81099219904199,10.1754700103206,8.39919016776433,10.0188506521331,9.11058482569402,9.57929462089171,9.61210375768986,10.0830736418781,10.2774809489081,9.95367278986527,9.1978630016676,10.0325545903969,9.69095168651043,9.06365648999846,9.4163443585987,10.0744026856019,10.2906182100521,10.0217276168909,9.52551760985294,9.75642798298968,9.59476367904547,9.5320646790125,NA,NA,NA,NA,NA,NA,NA,NA,NA,NA,NA,NA,NA,NA,NA,NA,NA,NA,NA,NA,NA,NA,NA,NA,NA,NA,NA,NA,NA,NA,NA,NA,NA,NA,NA,NA,NA,NA,NA,NA,NA,NA,NA,NA,NA,NA,NA,NA,NA,NA,NA,NA,NA,NA,NA,NA,NA,NA,NA,NA,NA,NA,NA,NA,NA,NA,NA,NA,NA,NA,NA,NA,NA,NA,NA
"1962",9.75371280364292,9.42536483828555,9.92672871051462,9.19197892281352,9.73950597298462,9.23277240046359,10.346398756353,11.0291211847284,9.94450774897974,10.4279276011852,9.09239824413889,9.75463730539201,9.47712682510759,9.77232771776399,10.0858773349398,9.13218507573894,10.3675842056722,10.4613796962875,10.4827459432177,10.281824271567,NA,9.9113605677583,10.2310704548295,9.31345365407467,10.9168135467449,8.70614380131971,9.36304390085798,9.93053377781906,8.80235653841375,10.41150879309,9.92786246457732,9.4452326939814,10.0486563763345,9.3871920915909,9.83663579974882,9.53719874206673,9.60027759051572,10.7179826722188,9.5744071256757,9.91003500358813,10.5880782214345,10.2726030972484,9.80859365393842,9.19294172057123,9.8307919495456,8.74969592997871,10.45564737755,9.54413605162033,9.95676903860521,9.85832453082667,NA,NA,NA,NA,NA,NA,NA,NA,NA,NA,NA,NA,NA,NA,NA,NA,NA,NA,NA,NA,NA,NA,NA,NA,NA,NA,NA,NA,NA,NA,NA,NA,NA,NA,NA,NA,NA,NA,NA,NA,NA,NA,NA,NA,NA,NA,NA,NA,NA,NA,NA,NA,NA,NA,NA,NA,NA,NA,NA,NA,NA,NA,NA,NA,NA,NA,NA,NA,NA,NA,NA,NA,NA,NA,NA
"1963",9.60661442537652,10.5070424712896,9.4079834534242,9.63998614311276,10.0857796376545,9.39239573166334,10.4479571862824,10.4790331601181,9.06708770718551,10.1463005412964,9.48148463699497,9.49225326382127,10.4562470986808,10.4503534199818,10.0921588632041,11.011577759234,9.67038709929299,10.9953431994817,10.0767542176326,9.49274225362472,10.4923506901447,9.68823806631536,9.69140008910835,9.90931840561299,10.014009774442,10.1418644269318,9.33229997683145,9.8224826250597,9.07347780542228,10.826587875221,9.7747518002695,10.6792351219296,10.1884176691842,10.1958282433221,10.7029979975881,9.66682436890097,10.4617098522473,10.8499857227052,10.6077209737671,9.77010804635722,10.0268622858035,9.12826652017682,9.93275666485625,10.2988340005003,9.71311477255031,9.06230778153312,8.95425054045304,9.42734346518305,9.92950383334591,9.57465014133725,NA,NA,NA,NA,NA,NA,NA,NA,NA,NA,NA,NA,NA,NA,NA,NA,NA,NA,NA,NA,NA,NA,NA,NA,NA,NA,NA,NA,NA,NA,NA,NA,NA,NA,NA,NA,NA,NA,NA,NA,NA,NA,NA,NA,NA,NA,NA,NA,NA,NA,NA,NA,NA,NA,NA,NA,NA,NA,NA,NA,NA,NA,NA,NA,NA,NA,NA,NA,NA,NA,NA,NA,NA,NA,NA
"1964",9.62863623631162,9.78474350679178,9.94739866514356,10.4782133775064,10.3027994575453,10.2248411538495,9.97361351055133,10.204115820749,9.13763838259137,9.82502339841182,10.1912911980745,9.46336788663368,8.97091041664857,9.55639561219533,10.5248035228283,10.3839171458959,9.04147308373522,10.7622243299223,10.0567109382118,10.0745808948315,10.4163038020466,9.26075061114011,9.60365297957611,9.39408450912374,9.72918298148415,9.91910952359544,8.87595482326104,10.0223564610929,9.87589292641271,9.95756890741206,9.48258377784373,9.90657045022001,8.85205634470897,10.0135364776907,10.549647157929,9.54549249720875,10.2345210886765,10.0590969710824,10.2187641641262,10.382384183832,9.78055024556475,10.1490217385225,9.82788669268055,9.53114366123033,10.2772770089677,10.1205067731059,9.691762614295,8.61626319247088,9.8052815664381,10.3882686555131,NA,NA,NA,NA,NA,NA,NA,NA,NA,NA,NA,NA,NA,NA,NA,NA,NA,NA,NA,NA,NA,NA,NA,NA,NA,NA,NA,NA,NA,NA,NA,NA,NA,NA,NA,NA,NA,NA,NA,NA,NA,NA,NA,NA,NA,NA,NA,NA,NA,NA,NA,NA,NA,NA,NA,NA,NA,NA,NA,NA,NA,NA,NA,NA,NA,NA,NA,NA,NA,NA,NA,NA,NA,NA,NA
"1965",10.9465048197402,8.99659044888764,9.04251704402645,10.8118610057858,10.0343416571292,9.93993384161022,9.40490825374429,10.1538782644729,9.25802208288128,9.55458410722589,9.97988068674057,10.1477337406547,9.20670764970912,9.75389898113874,10.4021383061179,9.80192226164461,9.21810695333069,10.2058136837804,9.00588076588179,10.1354575117361,9.87331795737945,9.53085135668191,9.96008032675825,9.8328791234262,9.89263498893277,10.2448949115517,9.69861675099702,10.1456823315794,9.38931099634659,10.4914882894743,9.52310239523041,9.78642957079941,9.43106830543368,10.3900818614186,10.4298965305862,9.21897177996477,10.0222282458379,10.4730627164242,9.20629448525862,9.69333870747148,9.10619346074058,9.74351460022971,9.75742509185812,9.47672515081642,10.085567415063,10.0156390457691,9.48311334598398,9.53787892582203,9.11235762369873,9.34426743806194,NA,NA,NA,NA,NA,NA,NA,NA,NA,NA,NA,NA,NA,NA,NA,NA,NA,NA,NA,NA,NA,NA,NA,NA,NA,NA,NA,NA,NA,NA,NA,NA,NA,NA,NA,NA,NA,NA,NA,NA,NA,NA,NA,NA,NA,NA,NA,NA,NA,NA,NA,NA,NA,NA,NA,NA,NA,NA,NA,NA,NA,NA,NA,NA,NA,NA,NA,NA,NA,NA,NA,NA,NA,NA,NA
"1966",10.1500828267655,9.14968088384977,9.78503281080362,10.0086073440309,9.71857402445517,9.83308073602289,9.55341460344885,10.0388228841979,9.03957886446104,9.48731947671871,9.49841135984044,9.3221910201093,9.93524771723977,9.61607047504918,9.83296648795873,9.43230550073941,8.28678390664503,9.52908495798977,9.38502836674433,9.79929093415703,9.8955335320112,10.2939686853852,9.39457129789234,10.0844888442376,10.1189789325675,10.4220607942266,9.64619315574332,9.23779267441768,8.94105995439493,9.80920830829735,10.1131567108814,10.4056000957779,9.46715654871065,10.3503300754064,9.51345533474046,8.88749746700213,10.1447553157532,9.34935647110726,10.1152620243572,9.45581568492211,9.72872176835045,9.76241462222741,9.00818457283171,8.75905522935967,9.33223544465509,9.7774665622444,9.52103138507047,9.72082867366631,10.4044563460189,9.35507011017689,NA,NA,NA,NA,NA,NA,NA,NA,NA,NA,NA,NA,NA,NA,NA,NA,NA,NA,NA,NA,NA,NA,NA,NA,NA,NA,NA,NA,NA,NA,NA,NA,NA,NA,NA,NA,NA,NA,NA,NA,NA,NA,NA,NA,NA,NA,NA,NA,NA,NA,NA,NA,NA,NA,NA,NA,NA,NA,NA,NA,NA,NA,NA,NA,NA,NA,NA,NA,NA,NA,NA,NA,NA,NA,NA
"1967",9.87457948044962,9.75640274894684,9.31398584450658,9.84033193504033,9.32818801695688,9.32663511208432,9.6951922737714,9.65662204911598,9.48791272932792,9.99630635025412,8.63974547493909,9.95007706842557,10.376443552151,10.4152932644664,10.0353333328762,9.97000043465053,9.78463422052773,10.4737980078729,9.80585708296472,9.40475993708664,9.68139271004478,10.0080602906098,9.51000793194718,10.4516462364507,9.59829145842478,9.88936574833226,9.72086532992815,9.4170676014131,9.46177995283846,10.9582121126284,10.837270385126,10.3790006944343,9.03491520270481,9.78036595623021,10.2139874612553,9.49359889398489,10.5571983586085,9.91612636020806,8.9458777119486,9.42433840892598,10.2684884030961,9.92505721000441,9.01325401286307,9.68516283539003,9.90818633114067,9.90300656808042,9.47263178272585,10.6679740768684,9.56506670063143,9.37622021261931,NA,NA,NA,NA,NA,NA,NA,NA,NA,NA,NA,NA,NA,NA,NA,NA,NA,NA,NA,NA,NA,NA,NA,NA,NA,NA,NA,NA,NA,NA,NA,NA,NA,NA,NA,NA,NA,NA,NA,NA,NA,NA,NA,NA,NA,NA,NA,NA,NA,NA,NA,NA,NA,NA,NA,NA,NA,NA,NA,NA,NA,NA,NA,NA,NA,NA,NA,NA,NA,NA,NA,NA,NA,NA,NA
"1968",9.78593921734055,10.2952513008386,10.8389259669414,9.88451435174335,9.93652809637407,9.15017968688862,9.13126608772098,10.6318781729807,8.58243899170589,9.96850308113921,9.20013861332911,10.8147700150734,9.75070448672254,9.87181731855221,9.72230612566797,10.019013623306,9.22060515546707,10.3052063701857,9.24546426817777,10.367262380445,8.99723865347394,9.80316008969588,8.73312293539743,9.99496267140752,9.49536352263588,9.23872273361583,10.1987024031823,10.2547776503539,9.87641177908347,10.6384935000923,10.0121252902959,10.0630620044094,9.50396740426056,8.55399134115804,9.69294647298656,9.20470250553016,11.0677005010933,9.59906706550029,10.0179428769261,10.0627064407672,10.3030302122732,9.82236177719114,9.12239776694898,9.28651545133815,9.74852655986591,9.59224514878189,9.72105887750598,9.30334430461619,9.55813449339423,9.98113787089109,NA,NA,NA,NA,NA,NA,NA,NA,NA,NA,NA,NA,NA,NA,NA,NA,NA,NA,NA,NA,NA,NA,NA,NA,NA,NA,NA,NA,NA,NA,NA,NA,NA,NA,NA,NA,NA,NA,NA,NA,NA,NA,NA,NA,NA,NA,NA,NA,NA,NA,NA,NA,NA,NA,NA,NA,NA,NA,NA,NA,NA,NA,NA,NA,NA,NA,NA,NA,NA,NA,NA,NA,NA,NA,NA
"1969",9.3567523281855,9.58927962901764,10.1493042988345,9.44086638263554,9.74154113857221,9.19842318878747,10.0458731362678,10.1726091608391,10.3663779488885,9.8919861832993,9.45699439994743,9.70496582758467,9.45400505879049,9.67216064569285,9.83736570519746,8.96402337547853,10.4965836300487,11.0538757460926,9.42298924715499,10.0539108038051,9.71970159814405,9.34773317168171,9.857902890897,9.32086339209885,9.70665984821723,9.77421625927643,10.0402626823494,10.1859590708248,10.532591634693,9.93410058678452,9.77534937659997,10.2111877396707,9.55038918586984,9.33225399852387,10.037669609755,9.87218580640609,10.5355112970766,9.66318471375343,10.1913347125828,9.81592499745968,10.2129739025465,9.81355365191447,9.52728378985312,9.301609186522,9.54983476920021,9.68869094320608,10.2113450132998,9.63394748423836,9.09338605321289,9.57172218708718,NA,NA,NA,NA,NA,NA,NA,NA,NA,NA,NA,NA,NA,NA,NA,NA,NA,NA,NA,NA,NA,NA,NA,NA,NA,NA,NA,NA,NA,NA,NA,NA,NA,NA,NA,NA,NA,NA,NA,NA,NA,NA,NA,NA,NA,NA,NA,NA,NA,NA,NA,NA,NA,NA,NA,NA,NA,NA,NA,NA,NA,NA,NA,NA,NA,NA,NA,NA,NA,NA,NA,NA,NA,NA,NA
"1970",9.39357917080615,9.49650477205483,10.2410291738271,9.59338606151683,8.86425249708448,10.0731276475677,10.0826657826772,9.01280963918332,10.0178459463536,8.71725068593031,9.55621240540844,9.73767528371723,9.72832122248488,10.5474785703641,9.74018666365906,10.3275237706317,9.32367913626128,10.666814739295,9.28005637795396,9.1378153893258,9.62432012739586,9.51334497651837,9.23794341447527,10.157232674345,9.54881165902833,10.2877982619203,9.64866777727718,9.78269902955731,8.94153685025799,9.72535188796713,10.3135466955055,9.26589534546732,10.1643202701578,9.29063120544683,10.1979399664897,10.0426847796205,10.2267771529723,9.22034421966731,9.9098451880549,9.31520477796799,10.3620336438066,9.93867892282715,10.1031429391671,9.82371985402022,9.34364432224971,9.96077020813484,9.4700465473357,9.47819290256758,9.27742227453857,9.71246868591512,NA,NA,NA,NA,NA,NA,NA,NA,NA,NA,NA,NA,NA,NA,NA,NA,NA,NA,NA,NA,NA,NA,NA,NA,NA,NA,NA,NA,NA,NA,NA,NA,NA,NA,NA,NA,NA,NA,NA,NA,NA,NA,NA,NA,NA,NA,NA,NA,NA,NA,NA,NA,NA,NA,NA,NA,NA,NA,NA,NA,NA,NA,NA,NA,NA,NA,NA,NA,NA,NA,NA,NA,NA,NA,NA
"1971",9.80926797113275,9.51138490578405,10.2911750299089,9.71998908092384,9.65741020375581,9.93295270628668,8.73538165535384,9.54343199193023,10.315736531501,9.42835550475473,10.0942228496999,9.52712789542939,9.37053699535188,9.08302456702099,9.24940998804061,8.73961059358855,10.076775421949,9.5497872541922,9.20906376572783,9.04122459784244,9.8064623283431,9.16380668690549,9.63876831087439,8.84456869062598,10.1105977019441,10.4104282376379,10.1622634856426,9.49827470536845,10.4550175205025,9.64153227956906,9.19524620821766,9.12219546136386,9.52119837347733,9.63950271221879,9.64376896661059,10.5459485189797,9.58701520856903,9.13616474944221,9.63538785144214,10.4366271679964,9.92201567720682,8.76454392749961,9.15666091873035,9.40581523614882,9.49798204645184,10.1319777798046,9.77366255824718,9.82425514317308,9.55333830830559,8.6207316709953,NA,NA,NA,NA,NA,NA,NA,NA,NA,NA,NA,NA,NA,NA,NA,NA,NA,NA,NA,NA,NA,NA,NA,NA,NA,NA,NA,NA,NA,NA,NA,NA,NA,NA,NA,NA,NA,NA,NA,NA,NA,NA,NA,NA,NA,NA,NA,NA,NA,NA,NA,NA,NA,NA,NA,NA,NA,NA,NA,NA,NA,NA,NA,NA,NA,NA,NA,NA,NA,NA,NA,NA,NA,NA,NA
"1972",9.34908087353507,9.10664441366178,9.25039536671945,9.72513355978022,10.3082419411722,9.83213489176844,9.34985547919723,9.38515662425223,10.1338795861045,9.84871353650154,9.39642961740067,9.27670170496189,9.50387141806829,10.3207857696893,9.81209332420831,9.01877179722481,9.55136452684223,9.52110175059991,9.70972239696802,9.55830870299238,9.65615742017716,10.2160690967243,9.41878197833908,9.35228709601691,10.4320635888547,9.21431590706541,10.0733831825633,9.65439310835107,9.94477674009632,9.22978173629231,9.50614083245476,8.53649504792736,10.1588705191485,8.94931595211691,10.0975435354866,8.87261412747858,9.46911692091144,10.2864331906874,9.26763102192365,10.1214995556745,9.85315334811239,9.55586932458004,8.99715907650251,10.0730982650451,8.85628533876382,9.95148937320022,8.99947947063469,10.7485353008027,9.97294777912579,9.64880387688129,NA,NA,NA,NA,NA,NA,NA,NA,NA,NA,NA,NA,NA,NA,NA,NA,NA,NA,NA,NA,NA,NA,NA,NA,NA,NA,NA,NA,NA,NA,NA,NA,NA,NA,NA,NA,NA,NA,NA,NA,NA,NA,NA,NA,NA,NA,NA,NA,NA,NA,NA,NA,NA,NA,NA,NA,NA,NA,NA,NA,NA,NA,NA,NA,NA,NA,NA,NA,NA,NA,NA,NA,NA,NA,NA
"1973",8.72179129084956,9.80241107228679,10.0039787852588,9.5173027622207,9.71361791955886,9.42455166157559,9.52464843046265,9.99298994486841,9.15711262133911,10.1149802279417,9.35817334614601,9.96525866714394,10.0835214662282,9.97609382850615,9.83768458755146,9.58109383094123,9.583669011482,9.66758968301196,10.1304906272262,9.79660565146222,10.2687381620077,9.87436335539663,10.1589066717079,10.8662305951924,9.98563952777708,9.8494051486468,9.68059110906435,9.16848272289291,10.1271786051164,9.15899653037143,10.4052820173853,9.60997564483537,10.6318651071529,10.0217553873814,8.96778853148983,10.0901597576202,9.47095762155875,10.1634660019619,9.73250928871247,11.6384253473279,10.4496061069119,9.91777486173554,9.97395057130537,9.79765666492771,8.96111512113681,10.3076563840228,9.4808301042921,10.3149184742152,10.2969753505578,9.39799801665598,NA,NA,NA,NA,NA,NA,NA,NA,NA,NA,NA,NA,NA,NA,NA,NA,NA,NA,NA,NA,NA,NA,NA,NA,NA,NA,NA,NA,NA,NA,NA,NA,NA,NA,NA,NA,NA,NA,NA,NA,NA,NA,NA,NA,NA,NA,NA,NA,NA,NA,NA,NA,NA,NA,NA,NA,NA,NA,NA,NA,NA,NA,NA,NA,NA,NA,NA,NA,NA,NA,NA,NA,NA,NA,NA
"1974",10.2754109198629,10.7991926516073,10.2218872306884,10.7948741506442,8.97397775168757,9.68504224957742,9.79921885501574,9.90097407288444,9.75214963741793,10.4139928809231,10.1122068801103,10.0049757816271,9.62806983719432,9.4319174054023,9.95659364033233,9.0218225362149,10.5824946861947,10.3797516273792,10.1492681878861,10.2550592327754,10.1412171718808,10.0971604566509,10.910019582263,9.93785163835283,9.74739988711653,9.75293146819912,9.3468687252223,9.10922998628885,10.3321426115959,9.4060298051537,10.0651286198541,9.62859475301007,10.6708503654377,9.44021307540758,9.6813317541307,10.6570501371736,10.4373236592322,10.5317480405508,9.058506411876,10.6671070808953,9.9747386219794,9.89136329129573,9.43724250693755,10.6682847243747,10.2564262852217,10.7618824791521,9.96309466523913,9.99189482836259,10.0851892001682,9.62968035254428,NA,NA,NA,NA,NA,NA,NA,NA,NA,NA,NA,NA,NA,NA,NA,NA,NA,NA,NA,NA,NA,NA,NA,NA,NA,NA,NA,NA,NA,NA,NA,NA,NA,NA,NA,NA,NA,NA,NA,NA,NA,NA,NA,NA,NA,NA,NA,NA,NA,NA,NA,NA,NA,NA,NA,NA,NA,NA,NA,NA,NA,NA,NA,NA,NA,NA,NA,NA,NA,NA,NA,NA,NA,NA,NA
"1975",10.1619183760894,9.5999409628103,9.9878978647375,10.6037989615593,9.41561040507331,9.52938522246525,10.3161387116785,10.0805427785509,9.64255438441035,9.35985970269376,10.2917073482251,10.590706402752,8.94236915277439,9.21249008767081,10.1544313205493,9.14626789753844,10.4558607213258,9.32754909717497,8.67767068238278,10.2168244870136,9.93369047145294,9.34814641701226,10.0723439949029,9.7523958492389,10.5873406217028,9.61770826754111,9.68574393427216,9.59494022979457,10.0065812532412,9.30224990507006,9.19733214407529,9.67465137899098,9.92183140669847,9.55886038260437,9.08421190937889,10.5689336257492,10.626277768301,10.0971703732682,9.40301548052728,10.4426991384933,9.54526023219367,9.76471117074366,10.1228756015465,10.0412428229796,9.82695940721894,10.4102854613034,10.2334306819216,9.86173654426315,9.37815137780387,10.6682426580388,NA,NA,NA,NA,NA,NA,NA,NA,NA,NA,NA,NA,NA,NA,NA,NA,NA,NA,NA,NA,NA,NA,NA,NA,NA,NA,NA,NA,NA,NA,NA,NA,NA,NA,NA,NA,NA,NA,NA,NA,NA,NA,NA,NA,NA,NA,NA,NA,NA,NA,NA,NA,NA,NA,NA,NA,NA,NA,NA,NA,NA,NA,NA,NA,NA,NA,NA,NA,NA,NA,NA,NA,NA,NA,NA
"1976",10.1757813016894,9.76726368017146,9.03391959174851,9.83198370785886,9.52968518218194,9.70762723305184,9.92068210805277,10.1967856913708,10.7514219746907,9.89008535037623,9.56420962940413,10.216076777096,10.1151943298623,9.88162905222788,9.38528613460276,8.8949413549119,9.94618174921441,9.95139925959757,9.79382514063128,10.4056959435806,10.2314353483238,9.31130125419062,10.6345330442605,9.44198821594233,10.0352077067664,9.42332127620755,9.06559841069094,9.3083149882655,9.23059230795748,9.06777153707891,9.2873262849579,10.0943648794942,9.59384417475163,10.0843720730877,9.56390722065713,10.7431542576096,10.0289614536202,9.96469609641018,9.95269835160231,10.3166768726361,10.2218489079292,9.99439048092359,9.34640949632938,9.17433170437017,10.0869330281152,10.6863942593435,10.3223930438159,10.410019670297,10.1971648934038,9.49741996558002,NA,NA,NA,NA,NA,NA,NA,NA,NA,NA,NA,NA,NA,NA,NA,NA,NA,NA,NA,NA,NA,NA,NA,NA,NA,NA,NA,NA,NA,NA,NA,NA,NA,NA,NA,NA,NA,NA,NA,NA,NA,NA,NA,NA,NA,NA,NA,NA,NA,NA,NA,NA,NA,NA,NA,NA,NA,NA,NA,NA,NA,NA,NA,NA,NA,NA,NA,NA,NA,NA,NA,NA,NA,NA,NA
"1977",9.82124491426418,9.93113990525409,9.97711933762798,10.536818570615,9.78808969409201,10.4265859267245,10.2164455889911,9.3950187638862,10.1054248506407,10.0560659515275,10.473489843838,10.9496587011764,9.94913214004842,10.7920776709845,9.50259101508377,9.65145212224133,10.7979995424709,10.7785270383015,10.0940826699303,10.0052329681598,10.6045707568914,10.4878669072539,9.56236210151626,10.3838376880629,9.20355917263431,9.8705954002312,9.3546735187722,9.04320230460362,9.15949330794028,9.69538480662909,10.1636205627656,9.01281746102645,10.6213187555904,9.26674447517197,9.76606611821053,10.3043244279877,10.0910171802348,9.24906047158328,9.62432181105176,10.0748227207817,10.0004533639511,9.66656989194916,9.9901676392431,10.3826766350639,9.92996074494732,9.6374211079657,9.18910347383218,10.0767373217774,NA,9.53433112611144,NA,NA,NA,NA,NA,NA,NA,NA,NA,NA,NA,NA,NA,NA,NA,NA,NA,NA,NA,NA,NA,NA,NA,NA,NA,NA,NA,NA,NA,NA,NA,NA,NA,NA,NA,NA,NA,NA,NA,NA,NA,NA,NA,NA,NA,NA,NA,NA,NA,NA,NA,NA,NA,NA,NA,NA,NA,NA,NA,NA,NA,NA,NA,NA,NA,NA,NA,NA,NA,NA,NA,NA,NA,NA,NA
"1978",9.39009600763263,9.6044423753907,10.2976450485432,10.3918119660354,10.2802403161518,9.79376381600872,9.57992270036382,10.9733518134274,9.44102501818796,10.0158099655305,10.5966321870591,11.0607059848078,10.3226224633074,10.4144079987988,10.6811996209457,9.66873290758713,10.1299037886037,10.4569255517672,9.68669936922674,10.0177965633004,11.8134087227764,9.10868354542671,10.8777887546598,9.46409735960743,9.91961089018188,9.82620009107904,9.59275465059098,9.92033119067062,10.228178066652,9.83989084803262,10.4244440983468,9.38369880853656,9.9123573197506,9.78961417417965,10.0271766061333,9.90512165970674,10.4263301372764,9.92093355038466,NA,10.4767263362062,10.074964691692,9.80316609658527,9.79635432353765,10.521614292048,9.83367570661375,10.6294987448999,10.0689103290105,9.83248881498936,NA,10.3450651727418,NA,NA,NA,NA,NA,NA,NA,NA,NA,NA,NA,NA,NA,NA,NA,NA,NA,NA,NA,NA,NA,NA,NA,NA,NA,NA,NA,NA,NA,NA,NA,NA,NA,NA,NA,NA,NA,NA,NA,NA,NA,NA,NA,NA,NA,NA,NA,NA,NA,NA,NA,NA,NA,NA,NA,NA,NA,NA,NA,NA,NA,NA,NA,NA,NA,NA,NA,NA,NA,NA,NA,NA,NA,NA,NA
"1979",9.71518114977177,9.34705149567339,10.047027310615,10.7699312087883,9.92366830250422,10.3228148551133,10.4272733299421,10.5316198346707,9.93425240932406,10.9534454648488,10.8401980751686,10.7805091896271,10.2028960638014,10.3404854274057,10.6732879816366,10.201102082699,9.72201594071549,10.7023277843185,9.62199698568314,10.6297267111193,10.8665564836923,9.67504151548215,10.8452265076501,10.5808768161063,10.4455522573308,9.8805384654082,9.58600569056519,9.67855029042695,9.23840089207209,10.5683710247649,9.93872324567753,9.49380488430442,10.6202175283168,9.18588219095999,9.78929063172452,10.2995720531663,11.0736279585807,10.4682883132358,NA,10.5682542421218,9.53404248348815,9.40952338295215,10.6134125153937,9.97759224907167,9.26248588138296,10.5673259728338,10.5918341289712,10.2596983618825,NA,10.8108446184224,NA,NA,NA,NA,NA,NA,NA,NA,NA,NA,NA,NA,NA,NA,NA,NA,NA,NA,NA,NA,NA,NA,NA,NA,NA,NA,NA,NA,NA,NA,NA,NA,NA,NA,NA,NA,NA,NA,NA,NA,NA,NA,NA,NA,NA,NA,NA,NA,NA,NA,NA,NA,NA,NA,NA,NA,NA,NA,NA,NA,NA,NA,NA,NA,NA,NA,NA,NA,NA,NA,NA,NA,NA,NA,NA
"1980",10.2314454634835,NA,11.3031038469708,10.5336887032402,9.89657066789735,10.2589468561462,10.5122324928457,10.5061966567131,10.3920205420888,9.40065075235139,10.2401230944155,10.4185980319639,9.22229700944543,9.86716180938773,10.5565840431359,10.6896625789485,10.0350764737368,10.6621300131297,9.49089913931802,9.45370935323132,10.6229402039913,9.25198215023947,10.2452856407362,10.4421300481079,10.9481849513441,10.5582011934692,9.83475566242514,10.0466092925261,10.2481137889182,9.46299301895877,10.5857864312494,9.82901137059107,10.0282724075181,9.85133650657107,9.79236103154513,10.7262118609258,10.1840475557772,9.64348437901011,NA,10.3516514729512,10.3007121090635,9.71514443313666,10.3125059328673,9.70497495186221,9.76654361100406,10.5685450928842,10.0339734148028,10.6009680086037,NA,9.73322876201289,NA,NA,NA,NA,NA,NA,NA,NA,NA,NA,NA,NA,NA,NA,NA,NA,NA,NA,NA,NA,NA,NA,NA,NA,NA,NA,NA,NA,NA,NA,NA,NA,NA,NA,NA,NA,NA,NA,NA,NA,NA,NA,NA,NA,NA,NA,NA,NA,NA,NA,NA,NA,NA,NA,NA,NA,NA,NA,NA,NA,NA,NA,NA,NA,NA,NA,NA,NA,NA,NA,NA,NA,NA,NA,NA
"1981",10.9096331797585,NA,10.7230472624827,10.6953429553934,10.3378940667331,10.8301476566981,9.97468112481997,9.99854490988869,10.1134429545954,9.94800542296227,10.8675008974465,10.1399338933341,9.68030429067242,9.57620426528126,10.459320849489,10.1607867742229,10.3131832188123,10.6050507110479,9.81507290976653,9.8629193002084,10.3297980942464,9.99857692345376,9.74806327659268,9.81633210090161,11.0230129457264,10.6710006318468,9.66058802961909,10.1490210339853,10.3095115399186,10.2670827397522,9.60585537576739,9.78247495340389,9.96169427744982,10.4065703075996,9.73805892330054,10.2771054977515,10.7785417433842,9.63049283567405,NA,10.0145518906941,9.81094223482493,10.1084516163163,10.0922303729345,10.24352447736,10.1847809158914,10.0075849618435,10.7427174460638,10.438182113235,NA,NA,NA,NA,NA,NA,NA,NA,NA,NA,NA,NA,NA,NA,NA,NA,NA,NA,NA,NA,NA,NA,NA,NA,NA,NA,NA,NA,NA,NA,NA,NA,NA,NA,NA,NA,NA,NA,NA,NA,NA,NA,NA,NA,NA,NA,NA,NA,NA,NA,NA,NA,NA,NA,NA,NA,NA,NA,NA,NA,NA,NA,NA,NA,NA,NA,NA,NA,NA,NA,NA,NA,NA,NA,NA,NA,NA
"1982",9.59672130761671,NA,10.5257712289217,10.3239572547369,10.456148209667,9.9881875185506,10.1699607262947,10.3465958662159,9.92672057200927,9.38916678867998,9.95670932915911,11.1940441189342,9.5131844883894,9.71370689638627,10.8020837024848,9.85540267636483,9.83133911288284,9.16456110773177,9.51567873604324,11.193934744986,9.4882646489955,9.9472598136013,9.40252530600132,10.2551601697085,11.060155966197,10.3148969748144,10.4991448974921,10.7823537096272,10.441465402961,9.64892666890329,10.0779574662518,9.59402504407815,10.1416264756627,9.35371747164581,9.08079074417189,10.2304370456821,9.7075203509229,10.1634268672301,NA,10.2620496807467,10.2424207869335,9.92985791980194,9.56423404159272,9.95561503891939,9.74433754495741,9.63173843597603,10.0647421833858,10.3698151161215,NA,NA,NA,NA,NA,NA,NA,NA,NA,NA,NA,NA,NA,NA,NA,NA,NA,NA,NA,NA,NA,NA,NA,NA,NA,NA,NA,NA,NA,NA,NA,NA,NA,NA,NA,NA,NA,NA,NA,NA,NA,NA,NA,NA,NA,NA,NA,NA,NA,NA,NA,NA,NA,NA,NA,NA,NA,NA,NA,NA,NA,NA,NA,NA,NA,NA,NA,NA,NA,NA,NA,NA,NA,NA,NA,NA,NA
"1983",9.48882564896122,NA,10.2359305614653,10.2581093522237,9.77883227516589,9.65230323590038,NA,9.88371643130627,10.9758915729182,9.98964235193877,8.96574347169064,9.89435424957671,10.0384766830289,10.1823658051496,10.7972797553371,9.68956221323189,10.2975841295388,10.4131953269379,10.7959687252486,10.7013443147787,10.9230184307271,10.5817209032949,10.7501279108681,9.49332650453808,9.9170927815081,10.4273208430218,9.26074364357212,11.7901176452242,10.4390272201408,9.08168857409132,10.3089317149558,10.5801915109125,9.75086415739874,9.9209630865196,10.3704386566588,9.5172817442652,10.0315680441876,10.4294661640209,NA,10.5635460284744,10.2209493784753,10.2783810875854,NA,9.65258663836746,10.8445370725052,10.616225814782,10.5351375322945,10.7017023417049,NA,NA,NA,NA,NA,NA,NA,NA,NA,NA,NA,NA,NA,NA,NA,NA,NA,NA,NA,NA,NA,NA,NA,NA,NA,NA,NA,NA,NA,NA,NA,NA,NA,NA,NA,NA,NA,NA,NA,NA,NA,NA,NA,NA,NA,NA,NA,NA,NA,NA,NA,NA,NA,NA,NA,NA,NA,NA,NA,NA,NA,NA,NA,NA,NA,NA,NA,NA,NA,NA,NA,NA,NA,NA,NA,NA,NA
"1984",10.213422892774,NA,10.6120250237151,10.5869400628299,10.4649144202546,10.6013151245551,NA,NA,10.3733635315756,NA,10.4263745297915,10.8892148371272,9.57285688263577,8.62528729517788,10.4374862941458,10.1044263467247,9.68154926867716,10.2987706795465,10.3307820864197,10.6297499944712,10.2523726520496,11.0031879415043,10.1341594878636,9.93573258541493,9.77385936931611,10.5689316343425,10.0235090777916,9.53266804173711,9.77123352121142,9.4647167117327,9.86665577720159,10.7133617605429,10.357241117026,9.8791440268998,10.3844151438094,9.83796226968178,10.6456496557227,9.69996071058046,NA,10.250142509085,10.4978071579689,9.90603394383977,NA,9.72105094285283,9.82504094051847,9.38895761079724,10.4814383855775,9.70178058231711,NA,NA,NA,NA,NA,NA,NA,NA,NA,NA,NA,NA,NA,NA,NA,NA,NA,NA,NA,NA,NA,NA,NA,NA,NA,NA,NA,NA,NA,NA,NA,NA,NA,NA,NA,NA,NA,NA,NA,NA,NA,NA,NA,NA,NA,NA,NA,NA,NA,NA,NA,NA,NA,NA,NA,NA,NA,NA,NA,NA,NA,NA,NA,NA,NA,NA,NA,NA,NA,NA,NA,NA,NA,NA,NA,NA,NA
"1985",10.2151716100582,NA,10.2642158079519,9.82607199465103,10.5494549525365,9.88431165383871,NA,NA,10.304395635032,NA,9.86559156104743,10.1891054771434,8.90255530345696,9.13214314915526,11.092716699391,9.84312945713526,10.1680205910072,9.71919556028314,NA,10.3717699678095,10.0872797468467,9.88178681409878,10.1432290814528,9.29749371984682,10.0010936897254,10.7635549402413,9.84306877039714,NA,10.282277914231,9.0986475562225,10.4290890071106,10.6993202884029,8.9932536367672,10.082469767885,9.57265506360391,9.982421213614,10.0096944670376,9.74286469745327,NA,9.67244068541952,9.57587473760598,9.65045001331905,NA,10.0982078939699,9.36226412933461,9.82857703721032,10.6063311355809,10.5977474131432,NA,NA,NA,NA,NA,NA,NA,NA,NA,NA,NA,NA,NA,NA,NA,NA,NA,NA,NA,NA,NA,NA,NA,NA,NA,NA,NA,NA,NA,NA,NA,NA,NA,NA,NA,NA,NA,NA,NA,NA,NA,NA,NA,NA,NA,NA,NA,NA,NA,NA,NA,NA,NA,NA,NA,NA,NA,NA,NA,NA,NA,NA,NA,NA,NA,NA,NA,NA,NA,NA,NA,NA,NA,NA,NA,NA,NA
"1986",10.4068883386496,NA,9.67508614148094,9.7638398283362,10.8172532389328,10.1943973246563,NA,NA,10.4136420250158,NA,10.3435776973374,9.80897030309687,9.61603329852659,9.30627042999345,10.0401352269512,10.6088761990453,10.599934331581,9.66627535037787,NA,10.2119243129175,9.59251541856973,11.1999961030597,10.2768085885834,10.1897001251371,10.3041905464695,9.96737499113758,9.22916792148092,NA,9.29300379425008,9.5947128784596,10.3176276166619,9.89439412608662,10.1987931701302,10.8505051740412,10.3678107366519,9.58129527286254,10.1254628971834,9.41875356705929,NA,9.40289518741905,9.72203003962848,9.86157765773267,NA,9.58741916849274,9.1352039848071,9.63648412019252,9.97471739337904,10.405897182504,NA,NA,NA,NA,NA,NA,NA,NA,NA,NA,NA,NA,NA,NA,NA,NA,NA,NA,NA,NA,NA,NA,NA,NA,NA,NA,NA,NA,NA,NA,NA,NA,NA,NA,NA,NA,NA,NA,NA,NA,NA,NA,NA,NA,NA,NA,NA,NA,NA,NA,NA,NA,NA,NA,NA,NA,NA,NA,NA,NA,NA,NA,NA,NA,NA,NA,NA,NA,NA,NA,NA,NA,NA,NA,NA,NA,NA
"1987",10.8650497676159,NA,10.5094635773371,10.04467623983,10.530275451951,9.60580975390106,NA,NA,9.87386411109661,NA,9.9069652132673,9.87956839438006,NA,9.45179664609251,10.0708932276174,9.88234541895772,10.2461202490497,8.95504989278833,NA,10.3244634873286,9.45496205477238,10.4674526741609,9.44083643159062,10.3442048306563,9.46462195455304,10.7220084965457,10.2030960329003,NA,10.2226200611037,9.09246948492152,NA,10.3664538634625,10.5751145700436,10.5796859988866,9.87833497301517,9.83250026203828,9.16825698161968,8.83770386587414,NA,9.99901162797542,11.0463598167143,10.3484986440124,NA,10.5716510024571,9.65015803136323,9.78329071798149,9.45572915715214,10.420367332342,NA,NA,NA,NA,NA,NA,NA,NA,NA,NA,NA,NA,NA,NA,NA,NA,NA,NA,NA,NA,NA,NA,NA,NA,NA,NA,NA,NA,NA,NA,NA,NA,NA,NA,NA,NA,NA,NA,NA,NA,NA,NA,NA,NA,NA,NA,NA,NA,NA,NA,NA,NA,NA,NA,NA,NA,NA,NA,NA,NA,NA,NA,NA,NA,NA,NA,NA,NA,NA,NA,NA,NA,NA,NA,NA,NA,NA
"1988",10.6079527275674,NA,9.53297055102265,9.54047262539309,10.9515861373573,9.73989650130071,NA,NA,9.52607929172274,NA,10.3692274819679,9.26857069003009,NA,9.17737306761777,10.2370278382981,9.51752749642714,10.3872602791066,9.28845335024998,NA,10.1269505971832,10.1728873103114,10.4454829180015,9.42899507248316,10.397059669425,9.2274125206716,10.3703953521443,10.1159968925738,NA,10.4710868928471,10.4962018729738,NA,9.28451158223346,10.3964760261653,10.592466285023,10.924701460642,9.6111235901209,10.0068093383557,10.2149021450325,NA,9.91774251428499,11.1950968478365,11.2481330065937,NA,11.0237119308696,9.60348746944645,10.044640055564,9.58653445679466,10.4007730266618,NA,NA,NA,NA,NA,NA,NA,NA,NA,NA,NA,NA,NA,NA,NA,NA,NA,NA,NA,NA,NA,NA,NA,NA,NA,NA,NA,NA,NA,NA,NA,NA,NA,NA,NA,NA,NA,NA,NA,NA,NA,NA,NA,NA,NA,NA,NA,NA,NA,NA,NA,NA,NA,NA,NA,NA,NA,NA,NA,NA,NA,NA,NA,NA,NA,NA,NA,NA,NA,NA,NA,NA,NA,NA,NA,NA,NA
"1989",9.66614475540392,NA,8.91893205865154,10.221553408079,9.67862817195812,9.76138052694474,NA,NA,10.5261048708275,NA,9.88487072596961,10.1752727859821,NA,NA,9.90520433426407,9.66470307803952,9.93672172552026,9.34410740530216,NA,10.2516525504816,9.48284600115625,10.6477784146647,10.1238184403862,10.8561114173171,9.41984910809013,10.4972900853608,10.4611962676711,NA,10.1411618905359,10.1135832829388,NA,9.39806937348759,10.8449621439734,9.79674046627961,10.2957396847624,10.0843228253499,8.60586314560895,NA,NA,10.1011848226335,10.0926844058452,10.6666022847221,NA,10.1723170898657,8.94315230788408,10.5759702428782,10.5457654059719,9.99109297734463,NA,NA,NA,NA,NA,NA,NA,NA,NA,NA,NA,NA,NA,NA,NA,NA,NA,NA,NA,NA,NA,NA,NA,NA,NA,NA,NA,NA,NA,NA,NA,NA,NA,NA,NA,NA,NA,NA,NA,NA,NA,NA,NA,NA,NA,NA,NA,NA,NA,NA,NA,NA,NA,NA,NA,NA,NA,NA,NA,NA,NA,NA,NA,NA,NA,NA,NA,NA,NA,NA,NA,NA,NA,NA,NA,NA,NA
"1990",10.4543991021991,NA,9.91096941826589,10.0653897344904,9.88608574662508,9.74829065717697,NA,NA,10.7838083082407,NA,10.2059845917744,9.62375241709114,NA,NA,8.8537138994642,9.96889697861201,9.82753755666736,9.59265549997611,NA,9.99668219318713,10.0120487222796,10.1528431146469,9.67847100232311,10.5203851310433,NA,10.25358420466,9.81521423953818,NA,10.6669476574754,8.97474497332706,NA,10.3255094153043,10.8150697720065,NA,10.5353693539918,9.91529050303928,9.53013903426493,NA,NA,10.2187665158833,10.0260218818511,11.4248869041509,NA,10.9089920755059,8.93896870142697,9.9394107311788,9.99037192842023,10.284313695139,NA,NA,NA,NA,NA,NA,NA,NA,NA,NA,NA,NA,NA,NA,NA,NA,NA,NA,NA,NA,NA,NA,NA,NA,NA,NA,NA,NA,NA,NA,NA,NA,NA,NA,NA,NA,NA,NA,NA,NA,NA,NA,NA,NA,NA,NA,NA,NA,NA,NA,NA,NA,NA,NA,NA,NA,NA,NA,NA,NA,NA,NA,NA,NA,NA,NA,NA,NA,NA,NA,NA,NA,NA,NA,NA,NA,NA
"1991",NA,NA,9.96024826039821,10.0051777914685,10.3371082496159,10.1385373220381,NA,NA,9.85039440428208,NA,10.3952208635164,9.96468131981282,NA,NA,9.53534895626835,NA,10.6401973478949,9.76361984645679,NA,9.96619189616141,9.81332570721877,9.49175668010091,9.76243540440817,10.4646039092166,NA,10.4328528159044,10.8138102489033,NA,10.5830051059037,9.38042829492314,NA,10.1772318834705,10.8749479720169,NA,11.0648151293816,10.8394095641922,9.57739283659297,NA,NA,9.38494563399523,10.249393706683,9.77547579516787,NA,10.806421400851,9.25095080773691,9.72350617642044,10.2720663331147,10.0829787515954,NA,NA,NA,NA,NA,NA,NA,NA,NA,NA,NA,NA,NA,NA,NA,NA,NA,NA,NA,NA,NA,NA,NA,NA,NA,NA,NA,NA,NA,NA,NA,NA,NA,NA,NA,NA,NA,NA,NA,NA,NA,NA,NA,NA,NA,NA,NA,NA,NA,NA,NA,NA,NA,NA,NA,NA,NA,NA,NA,NA,NA,NA,NA,NA,NA,NA,NA,NA,NA,NA,NA,NA,NA,NA,NA,NA,NA
"1992",NA,NA,9.94269330262938,10.2491202477537,9.61071868876499,10.1488555316234,NA,NA,9.46170017719154,NA,10.0343940512427,9.83016228195907,NA,NA,10.5248160067948,NA,9.45292437310536,9.33934315646047,NA,9.96834208758346,10.0531877244935,9.86296076474424,10.6830712022155,10.6477501168036,NA,10.6104569696433,11.0136622290427,NA,10.2290053539144,9.74536970090314,NA,9.62970858518316,10.8949115274268,NA,10.7279595052375,NA,9.86635523777958,NA,NA,9.57964467302893,9.57538341094182,NA,NA,11.0203155828588,9.58945748405384,10.4456686338749,10.1080506719376,9.55854067664898,NA,NA,NA,NA,NA,NA,NA,NA,NA,NA,NA,NA,NA,NA,NA,NA,NA,NA,NA,NA,NA,NA,NA,NA,NA,NA,NA,NA,NA,NA,NA,NA,NA,NA,NA,NA,NA,NA,NA,NA,NA,NA,NA,NA,NA,NA,NA,NA,NA,NA,NA,NA,NA,NA,NA,NA,NA,NA,NA,NA,NA,NA,NA,NA,NA,NA,NA,NA,NA,NA,NA,NA,NA,NA,NA,NA,NA
"1993",NA,NA,NA,9.87234313990117,10.2426199659006,10.0064872517811,NA,NA,10.1612149456338,NA,10.4299956927865,10.2975656102464,NA,NA,10.5148327488588,NA,9.63729397215645,9.51662172461379,NA,9.98333843077199,9.44976940889174,9.83865369854137,10.2273757662471,10.8597229056939,NA,10.066995992948,9.64892412390799,NA,10.1838715871023,10.6086499774214,NA,9.78853032922916,10.6530196108383,NA,11.0139354469371,NA,10.1273551967503,NA,NA,10.3504788599191,10.4047755495221,NA,NA,10.3270335331317,10.411681667073,10.0714589331315,9.9110761525369,10.0379907470441,NA,NA,NA,NA,NA,NA,NA,NA,NA,NA,NA,NA,NA,NA,NA,NA,NA,NA,NA,NA,NA,NA,NA,NA,NA,NA,NA,NA,NA,NA,NA,NA,NA,NA,NA,NA,NA,NA,NA,NA,NA,NA,NA,NA,NA,NA,NA,NA,NA,NA,NA,NA,NA,NA,NA,NA,NA,NA,NA,NA,NA,NA,NA,NA,NA,NA,NA,NA,NA,NA,NA,NA,NA,NA,NA,NA,NA
"1994",NA,NA,NA,10.8559789513874,9.52425952609944,11.1469492911928,NA,NA,10.2408236945654,NA,10.4584916061254,10.3295529477057,NA,NA,9.96861916318332,NA,NA,10.0707654060123,NA,9.36866155601607,9.67633572555267,NA,NA,10.515956794348,NA,10.49376615331,10.406643895172,NA,10.7817827462058,9.96963050447863,NA,10.4640909781888,9.75681287050897,NA,11.0317296863331,NA,10.1593299802382,NA,NA,9.42894001400815,9.37381876839913,NA,NA,10.2862083665729,10.2510450008911,10.4729790826087,10.4955834619493,9.71328171327611,NA,NA,NA,NA,NA,NA,NA,NA,NA,NA,NA,NA,NA,NA,NA,NA,NA,NA,NA,NA,NA,NA,NA,NA,NA,NA,NA,NA,NA,NA,NA,NA,NA,NA,NA,NA,NA,NA,NA,NA,NA,NA,NA,NA,NA,NA,NA,NA,NA,NA,NA,NA,NA,NA,NA,NA,NA,NA,NA,NA,NA,NA,NA,NA,NA,NA,NA,NA,NA,NA,NA,NA,NA,NA,NA,NA,NA
"1995",NA,NA,NA,10.737353679201,9.949135677862,10.6426617527657,NA,NA,NA,NA,11.5223347312526,9.74500002051588,NA,NA,10.7665194024647,NA,NA,9.71584923923611,NA,9.77642384451093,9.69070601668401,NA,NA,10.75514750748,NA,9.7682706252043,10.2724119517888,NA,10.9294443876697,10.3255362305986,NA,9.95136250381639,9.51831647769927,NA,9.45927523723404,NA,10.1384072498534,NA,NA,10.459479875066,8.76726333161848,NA,NA,10.0580797188845,9.93580795629965,10.1864791161386,11.0003058014345,9.95538674586031,NA,NA,NA,NA,NA,NA,NA,NA,NA,NA,NA,NA,NA,NA,NA,NA,NA,NA,NA,NA,NA,NA,NA,NA,NA,NA,NA,NA,NA,NA,NA,NA,NA,NA,NA,NA,NA,NA,NA,NA,NA,NA,NA,NA,NA,NA,NA,NA,NA,NA,NA,NA,NA,NA,NA,NA,NA,NA,NA,NA,NA,NA,NA,NA,NA,NA,NA,NA,NA,NA,NA,NA,NA,NA,NA,NA,NA
"1996",NA,NA,NA,9.96480315408713,9.82855616361303,10.5503100680095,NA,NA,NA,NA,10.7280494861604,9.75735185746024,NA,NA,9.96914451778094,NA,NA,9.66865013214745,NA,10.1676331864254,9.11732476871203,NA,NA,10.3390309546007,NA,9.73434577441697,10.9548949501365,NA,10.3045371300251,NA,NA,11.0554083994197,9.79696916972955,NA,9.59864412518103,NA,9.76799985326745,NA,NA,9.61982446544344,NA,NA,NA,10.4060857439278,10.222634897595,NA,10.8310577520926,10.7471657036987,NA,NA,NA,NA,NA,NA,NA,NA,NA,NA,NA,NA,NA,NA,NA,NA,NA,NA,NA,NA,NA,NA,NA,NA,NA,NA,NA,NA,NA,NA,NA,NA,NA,NA,NA,NA,NA,NA,NA,NA,NA,NA,NA,NA,NA,NA,NA,NA,NA,NA,NA,NA,NA,NA,NA,NA,NA,NA,NA,NA,NA,NA,NA,NA,NA,NA,NA,NA,NA,NA,NA,NA,NA,NA,NA,NA,NA
"1997",NA,NA,NA,9.19122350279459,9.98302864069005,10.1217751877765,NA,NA,NA,NA,9.76259660539463,10.2486119455847,NA,NA,9.73171681977111,NA,NA,10.1987946352675,NA,10.3196541745149,10.7617714283153,NA,NA,10.2425718979835,NA,9.69949539711925,10.5349422535618,NA,10.3302013862875,NA,NA,11.2174843344299,9.68536172030001,NA,9.79163783026082,NA,9.87370447482817,NA,NA,9.48073082353546,NA,NA,NA,9.49389450358091,11.1853682614401,NA,10.6975118593476,10.3718965127492,NA,NA,NA,NA,NA,NA,NA,NA,NA,NA,NA,NA,NA,NA,NA,NA,NA,NA,NA,NA,NA,NA,NA,NA,NA,NA,NA,NA,NA,NA,NA,NA,NA,NA,NA,NA,NA,NA,NA,NA,NA,NA,NA,NA,NA,NA,NA,NA,NA,NA,NA,NA,NA,NA,NA,NA,NA,NA,NA,NA,NA,NA,NA,NA,NA,NA,NA,NA,NA,NA,NA,NA,NA,NA,NA,NA,NA
"1998",NA,NA,NA,9.69749095094275,10.8204019046043,10.5902313305645,NA,NA,NA,NA,10.5320867172544,10.7382735652008,NA,NA,9.84447785259401,NA,NA,9.53607088707635,NA,10.1238167696102,NA,NA,NA,10.072714923285,NA,10.4075938231759,11.249735428911,NA,10.0538179027085,NA,NA,9.86901546983691,9.7471296307503,NA,10.3188573698532,NA,9.85856494343262,NA,NA,9.72507348790144,NA,NA,NA,8.75113381503515,10.3007088969977,NA,10.1427259615182,10.6253633061851,NA,NA,NA,NA,NA,NA,NA,NA,NA,NA,NA,NA,NA,NA,NA,NA,NA,NA,NA,NA,NA,NA,NA,NA,NA,NA,NA,NA,NA,NA,NA,NA,NA,NA,NA,NA,NA,NA,NA,NA,NA,NA,NA,NA,NA,NA,NA,NA,NA,NA,NA,NA,NA,NA,NA,NA,NA,NA,NA,NA,NA,NA,NA,NA,NA,NA,NA,NA,NA,NA,NA,NA,NA,NA,NA,NA,NA
"1999",NA,NA,NA,NA,10.3235645799536,10.5647792766636,NA,NA,NA,NA,9.50874717406485,9.64819245307645,NA,NA,10.1322194463677,NA,NA,10.383591678022,NA,10.0430121581196,NA,NA,NA,9.9629348632269,NA,9.24125750499625,9.50174316690129,NA,10.4348162177274,NA,NA,10.7110161991382,9.63393837530407,NA,9.6422733008726,NA,9.25483713586212,NA,NA,10.2139410277621,NA,NA,NA,NA,NA,NA,10.401662466695,9.72480667332489,NA,NA,NA,NA,NA,NA,NA,NA,NA,NA,NA,NA,NA,NA,NA,NA,NA,NA,NA,NA,NA,NA,NA,NA,NA,NA,NA,NA,NA,NA,NA,NA,NA,NA,NA,NA,NA,NA,NA,NA,NA,NA,NA,NA,NA,NA,NA,NA,NA,NA,NA,NA,NA,NA,NA,NA,NA,NA,NA,NA,NA,NA,NA,NA,NA,NA,NA,NA,NA,NA,NA,NA,NA,NA,NA,NA,NA
"2000",NA,NA,NA,NA,10.7504966448746,11.0823926951404,NA,NA,NA,NA,9.97816045679115,9.61584384487469,NA,NA,9.66885237654723,NA,NA,9.74119303001889,NA,10.8570842947074,NA,NA,NA,10.3095009758822,NA,10.5348542475213,9.81680490467465,NA,10.0840443066069,NA,NA,10.3480442759178,10.5206793686144,NA,NA,NA,9.56042289332255,NA,NA,10.1839762411709,NA,NA,NA,NA,NA,NA,10.2686505635363,10.2461547799122,NA,NA,NA,NA,NA,NA,NA,NA,NA,NA,NA,NA,NA,NA,NA,NA,NA,NA,NA,NA,NA,NA,NA,NA,NA,NA,NA,NA,NA,NA,NA,NA,NA,NA,NA,NA,NA,NA,NA,NA,NA,NA,NA,NA,NA,NA,NA,NA,NA,NA,NA,NA,NA,NA,NA,NA,NA,NA,NA,NA,NA,NA,NA,NA,NA,NA,NA,NA,NA,NA,NA,NA,NA,NA,NA,NA,NA
"2001",NA,NA,NA,NA,9.70327997851606,NA,NA,NA,NA,NA,NA,9.00535035108266,NA,NA,NA,NA,NA,NA,NA,NA,NA,NA,NA,9.76791377409814,NA,NA,10.0823997031498,NA,9.82664843100266,NA,NA,NA,NA,NA,NA,NA,NA,NA,NA,9.3301670640989,NA,NA,NA,NA,NA,NA,10.2625206791562,9.98260767416955,NA,NA,NA,NA,NA,NA,NA,NA,NA,NA,NA,NA,NA,NA,NA,NA,NA,NA,NA,NA,NA,NA,NA,NA,NA,NA,NA,NA,NA,NA,NA,NA,NA,NA,NA,NA,NA,NA,NA,NA,NA,NA,NA,NA,NA,NA,NA,NA,NA,NA,NA,NA,NA,NA,NA,NA,NA,NA,NA,NA,NA,NA,NA,NA,NA,NA,NA,NA,NA,NA,NA,NA,NA,NA,NA,NA,NA
